"name","state","description","priority","weight"
"First Task","complete","","highest","2"
"hghjkjkh","complete","lkmùlù","normal","1"
"sdqsd","backlog","sdqdssq","highest","4"
"sdqsd","backlog","sdqdssq","highest","4"
"sdqsd","backlog","sdqdssq","highest","4"
"sdqsd","backlog","sdqdssq","highest","4"
"sdqsd","backlog","sdqdssq","highest","4"
"sdqsd","backlog","sdqdssq","highest","4"
"sdqsd","backlog","sdqdssq","highest","4"
"sdqsd","backlog","sdqdssq","highest","4"
"sdqsd","backlog","sdqdssq","highest","4"
"sdqsd","backlog","sdqdssq","highest","4"
"sdqsd","backlog","sdqdssq","highest","4"
"sdqsd","backlog","sdqdssq","highest","4"
"sdqsd","backlog","sdqdssq","highest","4"
"sdqsd","backlog","sdqdssq","highest","4"
"sdqsd","backlog","sdqdssq","highest","4"
"sdqsd","backlog","sdqdssq","highest","4"
"sdqsd","backlog","sdqdssq","highest","4"
"sdqsd","backlog","sdqdssq","highest","4"
"sdqsd","backlog","sdqdssq","highest","4"
"sdqsd","backlog","sdqdssq","highest","4"
"sdqsd","backlog","sdqdssq","highest","4"
"sdqsd","backlog","sdqdssq","highest","4"
"sdqsd","backlog","sdqdssq","highest","4"
"sdqsd","backlog","sdqdssq","highest","4"
"sdqsd","backlog","sdqdssq","highest","4"
"sdqsd","backlog","sdqdssq","highest","4"
"sdqsd","backlog","sdqdssq","highest","4"
"sdqsd","backlog","sdqdssq","highest","4"
"sdqsd","backlog","sdqdssq","highest","4"
"sdqsd","backlog","sdqdssq","highest","4"
"sdqsd","backlog","sdqdssq","highest","4"
"sdqsd","backlog","sdqdssq","highest","4"
"sdqsd","backlog","sdqdssq","highest","4"
"sdqsd","backlog","sdqdssq","highest","4"
"sdqsd","backlog","sdqdssq","highest","4"
"sdqsd","backlog","sdqdssq","highest","4"
"sdqsd","backlog","sdqdssq","highest","4"
"sdqsd","backlog","sdqdssq","highest","4"
"sdqsd","backlog","sdqdssq","highest","4"
"sdqsd","backlog","sdqdssq","highest","4"
"sdqsd","backlog","sdqdssq","highest","4"
"sdqsd","backlog","sdqdssq","highest","4"
"sdqsd","backlog","sdqdssq","highest","4"
"sdqsd","backlog","sdqdssq","highest","4"
"sdqsd","backlog","sdqdssq","highest","4"
"sdqsd","backlog","sdqdssq","highest","4"
"sdqsd","backlog","sdqdssq","highest","4"
"sdqsd","backlog","sdqdssq","highest","4"
"sdqsd","backlog","sdqdssq","highest","4"
"sdqsd","backlog","sdqdssq","highest","4"
"sdqsd","backlog","sdqdssq","highest","4"
"sdqsd","backlog","sdqdssq","highest","4"
"sdqsd","backlog","sdqdssq","highest","4"
"sdqsd","backlog","sdqdssq","highest","4"
"sdqsdsq","complete","dsqdsqdsqd","normal","1"
"sdqsqdsqd","complete","dsqdsqdqsd","normal","1"
"zdqzszq","complete","dqssdqdqsdqs","normal","1"